{"cameraMode":{"drawMode":0,"name":"Shaded","section":"Shading Mode"},"sceneLighting":false,"audioPlay":false,"sceneViewState":{"showFog":true,"showMaterialUpdate":false,"showSkybox":true,"showFlares":true,"showImageEffects":true,"showParticleSystems":true},"in2DMode":false,"pivot":{"x":2.377500057220459,"y":0.659500002861023,"z":-3.1625001430511476},"rotation":{"x":0.14670322835445405,"y":0.7120894193649292,"z":-0.15624849498271943,"w":0.6685833930969238},"size":8.906072616577149,"orthographic":false}