{"cameraMode":{"drawMode":0,"name":"Shaded","section":"Shading Mode"},"sceneLighting":true,"audioPlay":false,"sceneViewState":{"showFog":true,"showMaterialUpdate":false,"showSkybox":true,"showFlares":true,"showImageEffects":true,"showParticleSystems":true},"in2DMode":false,"pivot":{"x":19.702152252197267,"y":-1.650272011756897,"z":4.95733642578125},"rotation":{"x":0.05602405592799187,"y":0.5265635251998901,"z":-0.03480054810643196,"w":0.8475856184959412},"size":28.97964096069336,"orthographic":false}