{"cameraMode":{"drawMode":0,"name":"Shaded","section":"Shading Mode"},"sceneLighting":false,"audioPlay":false,"sceneViewState":{"showFog":true,"showMaterialUpdate":false,"showSkybox":true,"showFlares":true,"showImageEffects":true,"showParticleSystems":true},"in2DMode":false,"pivot":{"x":0.009050044231116772,"y":-0.013758952729403973,"z":0.08161220699548722},"rotation":{"x":0.0536663644015789,"y":0.8139100074768066,"z":-0.07616697996854782,"w":0.5734744071960449},"size":0.27580440044403078,"orthographic":false}