{"cameraMode":{"drawMode":0,"name":"Shaded","section":"Shading Mode"},"sceneLighting":false,"audioPlay":false,"sceneViewState":{"showFog":true,"showMaterialUpdate":false,"showSkybox":true,"showFlares":true,"showImageEffects":true,"showParticleSystems":true},"in2DMode":false,"pivot":{"x":2.9100000858306886,"y":1.4900000095367432,"z":-7.083582878112793},"rotation":{"x":0.01883964240550995,"y":0.5465472340583801,"z":-0.012297974899411202,"w":0.8371307849884033},"size":0.5715764164924622,"orthographic":false}